{
  "version": 1,
  "author": "Ahmad Miftah Fauzi",
  "editor": "wokwi",
  "parts": [
    { "type": "wokwi-breadboard", "id": "bb1", "top": -3, "left": -83.6, "attrs": {} },
    { "type": "wokwi-arduino-uno", "id": "uno", "top": 231, "left": -115.8, "attrs": {} },
    {
      "type": "wokwi-hc-sr04",
      "id": "ultrasonic1",
      "top": -113.7,
      "left": 418.3,
      "attrs": { "distance": "53" }
    },
    { "type": "wokwi-led", "id": "led1", "top": 73.2, "left": 13.4, "attrs": { "color": "red" } },
    {
      "type": "wokwi-led",
      "id": "led2",
      "top": 73.2,
      "left": 99.8,
      "attrs": { "color": "yellow" }
    },
    {
      "type": "wokwi-led",
      "id": "led3",
      "top": 73.2,
      "left": 186.2,
      "attrs": { "color": "green" }
    },
    {
      "type": "wokwi-lcd1602",
      "id": "lcd1",
      "top": -185.6,
      "left": -80.8,
      "attrs": { "pins": "i2c" }
    },
    {
      "type": "wokwi-buzzer",
      "id": "bz1",
      "top": 213.6,
      "left": 213,
      "attrs": { "volume": "0.1" }
    },
    {
      "type": "wokwi-resistor",
      "id": "r3",
      "top": 119.15,
      "left": 211.2,
      "attrs": { "value": "1000" }
    },
    {
      "type": "wokwi-resistor",
      "id": "r1",
      "top": 119.15,
      "left": 124.8,
      "attrs": { "value": "1000" }
    },
    {
      "type": "wokwi-resistor",
      "id": "r2",
      "top": 119.15,
      "left": 38.4,
      "attrs": { "value": "1000" }
    },
    {
      "type": "wokwi-dht22",
      "id": "dht1",
      "top": 249.9,
      "left": 330.6,
      "attrs": { "humidity": "0", "temperature": "80" }
    }
  ],
  "connections": [
    [ "bb1:bn.1", "uno:GND.1", "black", [ "v27.5", "h56.5" ] ],
    [ "bb1:10b.g", "bb1:bn.7", "black", [ "v0" ] ],
    [ "bb1:19b.g", "bb1:bn.15", "black", [ "v0" ] ],
    [ "bb1:28b.g", "bb1:bn.22", "black", [ "v0" ] ],
    [ "bb1:17b.h", "uno:4", "red", [ "v86.4", "h24.9" ] ],
    [ "bb1:35b.h", "uno:2", "green", [ "v86.4", "h-124.8" ] ],
    [ "bb1:26b.h", "uno:3", "gold", [ "v76.8", "h-57.6" ] ],
    [ "bz1:1", "bb1:bn.21", "black", [ "h-48", "v-104.3" ] ],
    [ "bz1:2", "uno:5", "gray", [ "h-0.4", "v9.6", "h-157.4" ] ],
    [ "ultrasonic1:GND", "bb1:bn.50", "black", [ "h-1.2", "v212.5" ] ],
    [ "uno:5V", "bb1:bp.1", "red", [ "v19.1", "h-111.4", "v-258.3" ] ],
    [ "ultrasonic1:VCC", "bb1:bp.47", "red", [ "v0" ] ],
    [ "ultrasonic1:TRIG", "uno:9", "violet", [ "v249.6", "h-433.2" ] ],
    [ "uno:8", "ultrasonic1:ECHO", "blue", [ "h0.4", "v-19.2", "h432.8" ] ],
    [ "lcd1:GND", "bb1:bn.2", "black", [ "h-38.4", "v345.6", "h77.6" ] ],
    [ "lcd1:VCC", "bb1:bp.2", "red", [ "h-28.8", "v297.7", "h76.8" ] ],
    [ "lcd1:SDA", "uno:A4", "white", [ "h-19.2", "v566.6", "h230.4" ] ],
    [ "uno:A5", "lcd1:SCL", "orange", [ "v38.3", "h-235.7", "v-566.4" ] ],
    [ "led1:A", "bb1:11b.f", "", [ "$bb" ] ],
    [ "led1:C", "bb1:10b.f", "", [ "$bb" ] ],
    [ "led2:A", "bb1:20b.f", "", [ "$bb" ] ],
    [ "led2:C", "bb1:19b.f", "", [ "$bb" ] ],
    [ "led3:A", "bb1:29b.f", "", [ "$bb" ] ],
    [ "led3:C", "bb1:28b.f", "", [ "$bb" ] ],
    [ "r3:1", "bb1:29b.g", "", [ "$bb" ] ],
    [ "r3:2", "bb1:35b.g", "", [ "$bb" ] ],
    [ "r1:1", "bb1:20b.g", "", [ "$bb" ] ],
    [ "r1:2", "bb1:26b.g", "", [ "$bb" ] ],
    [ "r2:1", "bb1:11b.g", "", [ "$bb" ] ],
    [ "r2:2", "bb1:17b.g", "", [ "$bb" ] ],
    [ "dht1:GND", "bb1:bn.39", "black", [ "v0", "h38.4" ] ],
    [ "dht1:VCC", "bb1:bp.31", "red", [ "v0", "h-38.4" ] ],
    [ "dht1:SDA", "uno:7", "cyan", [ "v9.6", "h-67.1", "v0", "h-211.2" ] ]
  ],
  "dependencies": {}
}